time,open,high,low,close,volume,ticker
2019-01-02,17140,17450,16580,16580,87370,KDH
2019-01-03,16500,16610,16500,16580,251400,KDH
2019-01-04,16530,16580,15810,16580,156980,KDH
2019-01-07,16580,16610,16129,16550,131920,KDH
2019-01-08,16500,16550,16280,16550,171050,KDH
2019-01-09,16500,16530,16390,16450,461130,KDH
2019-01-10,16450,16450,16309,16390,170310,KDH
2019-01-11,16360,16390,16210,16239,178890,KDH
2019-01-14,16239,16239,15810,16050,259180,KDH
2019-01-15,16020,16050,15890,15990,169990,KDH
2019-01-16,15990,16260,15960,15990,104570,KDH
2019-01-17,15990,15990,15860,15960,103460,KDH
2019-01-18,15890,15960,15750,15890,165200,KDH
2019-01-21,15840,15910,15780,15890,147440,KDH
2019-01-22,15860,15990,15860,15990,87430,KDH
2019-01-23,15990,16020,15940,15990,98760,KDH
2019-01-24,15990,16020,15910,15990,132340,KDH
2019-01-25,15990,15990,15910,15960,90800,KDH
2019-01-28,15960,16020,15940,16020,82350,KDH
2019-01-29,16020,16070,15990,16020,122630,KDH
2019-01-30,16020,16070,16020,16020,87400,KDH
2019-01-31,16050,16100,15990,16020,67810,KDH
2019-02-01,16020,16050,15960,16050,55400,KDH
2019-02-11,16050,16100,16020,16070,131440,KDH
2019-02-12,16100,16500,16070,16180,252350,KDH
2019-02-13,16180,16340,16100,16180,212390,KDH
2019-02-14,16129,16180,16100,16100,141000,KDH
2019-02-15,16100,16760,16050,16610,267500,KDH
2019-02-18,16610,16650,16340,16550,139080,KDH
2019-02-19,16500,16550,16420,16450,190540,KDH
2019-02-20,16420,16650,16280,16580,275600,KDH
2019-02-21,16610,16650,16550,16610,169000,KDH
2019-02-22,16610,16610,16450,16500,147320,KDH
2019-02-25,16500,16550,16420,16500,92330,KDH
2019-02-26,16500,16710,16500,16610,221550,KDH
2019-02-27,16580,16930,16390,16500,651580,KDH
2019-02-28,16500,16550,16390,16390,125290,KDH
2019-03-01,16390,16550,16360,16500,156220,KDH
2019-03-04,16550,17350,16550,17030,562140,KDH
2019-03-05,17030,17080,16930,16950,190650,KDH
2019-03-06,16950,16980,16500,16710,180970,KDH
2019-03-07,16710,16760,16500,16500,280510,KDH
2019-03-08,16470,16470,16129,16280,553310,KDH
2019-03-11,16340,16530,16239,16530,156780,KDH
2019-03-12,16530,16760,16530,16760,239600,KDH
2019-03-13,16580,16760,16470,16610,188400,KDH
2019-03-14,16610,16610,16470,16580,132150,KDH
2019-03-15,16530,16610,16530,16610,146140,KDH
2019-03-18,16650,16710,16610,16610,101670,KDH
2019-03-19,16610,16950,16610,16760,275540,KDH
2019-03-20,16760,16900,16740,16820,217840,KDH
2019-03-21,16870,16930,16650,16790,209480,KDH
2019-03-22,16760,16790,16680,16710,178570,KDH
2019-03-25,16610,16610,16239,16340,239460,KDH
2019-03-26,16390,16550,16390,16500,110200,KDH
2019-03-27,16500,16680,16500,16550,72790,KDH
2019-03-28,16550,17250,16530,17080,423690,KDH
2019-03-29,17190,17190,16870,16870,194020,KDH
2019-04-01,16870,17080,16850,17030,199600,KDH
2019-04-02,17030,17750,16950,17140,587480,KDH
2019-04-03,17140,17140,16980,16980,129340,KDH
2019-04-04,16980,17140,16980,17000,135620,KDH
2019-04-05,17000,17620,16790,17350,358260,KDH
2019-04-08,17190,17400,17030,17140,206700,KDH
2019-04-09,17190,17250,16760,16760,452470,KDH
2019-04-10,16740,16870,16530,16650,510980,KDH
2019-04-11,16650,16870,16470,16530,498860,KDH
2019-04-12,16710,17030,16610,16980,131130,KDH
2019-04-16,16820,16930,16710,16760,52080,KDH
2019-04-17,16820,16870,16680,16760,274420,KDH
2019-04-18,16760,17030,16710,16850,234820,KDH
2019-04-19,16870,16930,16710,16820,121350,KDH
2019-04-22,16820,16870,16680,16760,150380,KDH
2019-04-23,16760,16760,16309,16500,475240,KDH
2019-04-24,16500,16650,16390,16530,88910,KDH
2019-04-25,16610,16680,16340,16500,201980,KDH
2019-04-26,16500,16610,16450,16500,73550,KDH
2019-05-02,16500,16610,16450,16500,71260,KDH
2019-05-03,16450,16530,16450,16500,80180,KDH
2019-05-06,16450,16450,16239,16239,130240,KDH
2019-05-07,16340,16550,16129,16239,272160,KDH
2019-05-08,16239,16280,15910,15960,201220,KDH
2019-05-09,16020,16020,15670,15810,164450,KDH
2019-05-10,15910,15910,15540,15540,296030,KDH
2019-05-13,15700,16020,15620,16020,125370,KDH
2019-05-14,15960,16020,15700,15700,98810,KDH
2019-05-15,15750,16020,15750,16020,168890,KDH
2019-05-16,16070,16260,16070,16180,128910,KDH
2019-05-17,16180,16280,16149,16180,98990,KDH
2019-05-20,16180,16180,15960,16180,190260,KDH
2019-05-21,16180,16180,16070,16070,95790,KDH
2019-05-22,16180,16280,16129,16180,145780,KDH
2019-05-23,16180,16450,16129,16450,166370,KDH
2019-05-24,16450,16740,16450,16470,255830,KDH
2019-05-27,16450,16550,16280,16470,90380,KDH
2019-05-28,16470,16470,16340,16470,88880,KDH
2019-05-29,16470,16500,16390,16450,137170,KDH
2019-05-30,16500,16500,16420,16470,78230,KDH
2019-05-31,16470,16500,16390,16500,174270,KDH
2019-06-03,16500,16500,16390,16470,139140,KDH
2019-06-04,16470,16500,16450,16470,87810,KDH
2019-06-05,16500,16500,16280,16450,83940,KDH
2019-06-06,16450,16470,16340,16450,69540,KDH
2019-06-07,16340,16470,16340,16450,96650,KDH
2019-06-10,16470,16550,16420,16500,199850,KDH
2019-06-11,16570,16850,16570,16670,115640,KDH
2019-06-12,16710,16780,16640,16710,186670,KDH
2019-06-13,16710,16780,16640,16710,80220,KDH
2019-06-14,16710,17200,16710,17160,227140,KDH
2019-06-17,17200,17270,16850,16850,113000,KDH
2019-06-18,16850,17030,16780,17030,130830,KDH
2019-06-19,17200,17200,16990,17200,346820,KDH
2019-06-20,17200,17350,17060,17270,164350,KDH
2019-06-21,17270,17270,17100,17100,100630,KDH
2019-06-24,17060,17130,16780,16780,197660,KDH
2019-06-25,16780,16850,16570,16850,241340,KDH
2019-06-26,16850,16850,16640,16710,91980,KDH
2019-06-27,16710,17200,16600,17200,193110,KDH
2019-06-28,17130,17130,16430,17130,719810,KDH
2019-07-01,16920,16920,16640,16750,78850,KDH
2019-07-02,16750,16780,16640,16750,61760,KDH
2019-07-03,16710,16750,16570,16600,92340,KDH
2019-07-04,16600,16710,16460,16600,72210,KDH
2019-07-05,16600,16600,16350,16350,101220,KDH
2019-07-08,16350,16350,16110,16219,177290,KDH
2019-07-09,16290,16290,16050,16149,89690,KDH
2019-07-10,16149,16219,16050,16149,160190,KDH
2019-07-11,16290,16350,15940,16010,283070,KDH
2019-07-12,16010,16149,15860,16010,278940,KDH
2019-07-15,16010,15970,15450,15730,504810,KDH
2019-07-16,15620,15730,15340,15520,445970,KDH
2019-07-17,15520,15520,15310,15520,419000,KDH
2019-07-18,15550,15840,15370,15520,470260,KDH
2019-07-19,15580,15800,15520,15730,378850,KDH
2019-07-22,15840,15840,15580,15650,170270,KDH
2019-07-23,15580,15620,15450,15520,290510,KDH
2019-07-24,15520,15520,15310,15370,334560,KDH
2019-07-25,15370,15370,15160,15160,416500,KDH
2019-07-26,15240,15450,15240,15310,254480,KDH
2019-07-29,15410,15410,15310,15340,291530,KDH
2019-07-30,15370,15410,15270,15340,516240,KDH
2019-07-31,15450,15580,15370,15580,206620,KDH
2019-08-01,15580,16149,15580,16079,565270,KDH
2019-08-02,16079,16079,15860,16079,241680,KDH
2019-08-05,16079,16079,15860,15970,183320,KDH
2019-08-06,15730,15900,15580,15800,315300,KDH
2019-08-07,15730,16110,15840,16110,344060,KDH
2019-08-08,16110,16500,16110,16430,432680,KDH
2019-08-09,16500,16640,16430,16570,299050,KDH
2019-08-12,16570,16570,16219,16430,466670,KDH
2019-08-13,16350,16430,16350,16430,279860,KDH
2019-08-14,16430,16500,16350,16460,246290,KDH
2019-08-15,16350,16500,16350,16500,319070,KDH
2019-08-16,16500,17100,16500,16850,370970,KDH
2019-08-19,16850,16990,16640,16850,127450,KDH
2019-08-20,16780,16850,16710,16780,176260,KDH
2019-08-21,16780,16950,16710,16880,501050,KDH
2019-08-22,16920,16990,16920,16950,253590,KDH
2019-08-23,16950,16990,16920,16950,296660,KDH
2019-08-26,16850,16950,16850,16920,135340,KDH
2019-08-27,16950,16950,16820,16850,173530,KDH
2019-08-28,16850,16880,16820,16850,132290,KDH
2019-08-29,16820,16850,16780,16850,80900,KDH
2019-08-30,16850,16920,16820,16880,127360,KDH
2019-09-03,16880,16920,16670,16670,208530,KDH
2019-09-04,16880,16820,16710,16780,130800,KDH
2019-09-05,16820,16820,16670,16750,117140,KDH
2019-09-06,16710,16750,16640,16710,86220,KDH
2019-09-09,16710,16710,16600,16600,99510,KDH
2019-09-10,16600,16750,16600,16670,222920,KDH
2019-09-11,16670,16750,16640,16710,202600,KDH
2019-09-12,16750,16820,16710,16780,297140,KDH
2019-09-13,16750,16880,16750,16820,249960,KDH
2019-09-16,16780,17970,16780,17900,1970760,KDH
2019-09-17,18010,18110,17900,18050,358240,KDH
2019-09-18,17620,17940,17620,17900,431230,KDH
2019-09-19,17800,17840,17520,17840,403780,KDH
2019-09-20,17760,17970,17620,17620,173820,KDH
2019-09-23,17620,17760,17550,17550,256250,KDH
2019-09-24,17550,18050,17480,17800,653270,KDH
2019-09-25,17760,18330,17690,18250,617850,KDH
2019-09-26,18250,18330,17970,18220,540470,KDH
2019-09-27,18180,18250,18080,18220,489320,KDH
2019-09-30,18180,18220,17840,17900,317650,KDH
2019-10-01,17900,17900,17550,17690,323600,KDH
2019-10-02,17690,17760,17620,17690,342880,KDH
2019-10-03,17620,18080,17550,17760,558290,KDH
2019-10-04,17760,17900,17590,17690,377650,KDH
2019-10-07,17690,17900,17650,17690,395830,KDH
2019-10-08,17650,17860,17650,17730,236800,KDH
2019-10-09,17730,17840,17690,17730,200860,KDH
2019-10-10,17760,17840,17650,17690,204820,KDH
2019-10-11,17690,17730,17350,17480,750090,KDH
2019-10-14,17480,17550,17370,17550,248380,KDH
2019-10-15,17550,18050,17480,17860,509910,KDH
2019-10-16,17800,17840,17550,17620,297940,KDH
2019-10-17,17690,17800,17550,17550,178930,KDH
2019-10-18,17550,17840,17550,17760,291340,KDH
2019-10-21,17760,17840,17590,17620,225790,KDH
2019-10-22,17690,18180,17620,18110,760380,KDH
2019-10-23,18110,18180,18080,18150,254760,KDH
2019-10-24,18150,18710,18050,18710,786640,KDH
2019-10-25,18610,18750,18540,18710,296380,KDH
2019-10-28,18710,18990,18540,18710,462280,KDH
2019-10-29,18710,18850,18540,18610,255290,KDH
2019-10-30,18460,18670,18460,18500,196300,KDH
2019-10-31,18610,18750,18390,18390,271510,KDH
2019-11-01,18360,18460,18110,18250,621800,KDH
2019-11-04,18250,18670,18250,18670,395160,KDH
2019-11-05,18750,19160,18670,19100,616040,KDH
2019-11-06,18950,19060,18820,18990,212510,KDH
2019-11-07,19060,19240,18950,19100,422060,KDH
2019-11-08,19240,19240,18950,18950,436180,KDH
2019-11-11,18950,19030,18780,18820,312470,KDH
2019-11-12,18750,18850,18430,18430,281340,KDH
2019-11-13,18430,18670,18430,18430,212730,KDH
2019-11-14,18360,18430,18290,18390,168810,KDH
2019-11-15,18610,18610,18360,18390,118540,KDH
2019-11-18,18330,18500,18180,18290,239510,KDH
2019-11-19,18250,18290,18050,18250,307710,KDH
2019-11-20,18180,18330,18180,18290,151960,KDH
2019-11-21,18250,18750,18250,18430,870410,KDH
2019-11-22,18390,19160,18390,18430,668220,KDH
2019-11-25,18460,18610,18460,18500,199980,KDH
2019-11-26,18500,18670,18500,18640,236240,KDH
2019-11-27,18640,18640,18500,18570,265630,KDH
2019-11-28,18570,18610,18460,18570,409410,KDH
2019-11-29,18610,18610,18500,18540,322100,KDH
2019-12-02,18540,18610,18500,18540,416910,KDH
2019-12-03,18540,18670,18330,18640,388300,KDH
2019-12-04,18610,18880,18610,18780,308340,KDH
2019-12-05,18820,19030,18780,18950,494890,KDH
2019-12-06,18950,19030,18880,18990,252540,KDH
2019-12-09,18920,18950,18750,18850,290730,KDH
2019-12-10,18820,18880,18710,18820,271360,KDH
2019-12-11,18820,18820,18750,18780,215380,KDH
2019-12-12,18780,19030,18780,18950,291020,KDH
2019-12-13,18950,19160,18920,19030,516510,KDH
2019-12-16,19030,19160,18950,19030,316230,KDH
2019-12-17,19160,19160,18610,18670,248870,KDH
2019-12-18,18670,18670,18360,18430,294120,KDH
2019-12-19,18430,18610,18330,18460,142780,KDH
2019-12-20,18500,18710,18460,18670,164640,KDH
2019-12-23,18710,18750,18670,18670,131930,KDH
2019-12-24,18670,18880,18670,18850,265090,KDH
2019-12-25,18850,18920,18780,18850,180530,KDH
2019-12-26,18850,18950,18710,18850,385170,KDH
2019-12-27,18850,18880,18780,18880,156240,KDH
2019-12-30,18880,18950,18820,18950,354580,KDH
2019-12-31,18950,18950,18780,18880,698370,KDH
2020-01-02,18670,18710,18460,18610,343020,KDH
2020-01-03,18610,18670,18390,18540,353970,KDH
2020-01-06,18500,18610,18250,18610,319660,KDH
2020-01-07,18540,18610,18330,18460,128550,KDH
2020-01-08,18250,18430,17690,17900,412780,KDH
2020-01-09,17940,18180,17620,17970,247010,KDH
2020-01-10,17940,18010,17690,17970,283200,KDH
2020-01-13,17940,18010,17900,17970,91330,KDH
2020-01-14,17900,18010,17840,17970,108520,KDH
2020-01-15,17970,18010,17860,17970,72090,KDH
2020-01-16,17940,18110,17900,18110,140170,KDH
2020-01-17,18110,18180,18050,18110,79520,KDH
2020-01-20,18080,18110,18010,18110,75490,KDH
2020-01-21,18080,18180,17900,18150,381440,KDH
2020-01-22,18110,18250,18110,18180,120650,KDH
2020-01-30,18050,18110,17690,17900,185620,KDH
2020-01-31,17900,17900,17410,17550,196240,KDH
2020-02-03,17060,17410,16850,17350,241080,KDH
2020-02-04,17350,17450,17130,17350,252520,KDH
2020-02-05,17310,17370,17270,17370,192860,KDH
2020-02-06,17370,17520,17200,17480,262650,KDH
2020-02-07,17480,17480,17350,17480,110820,KDH
2020-02-10,17450,17480,17350,17480,106900,KDH
2020-02-11,17450,17550,17410,17550,152870,KDH
2020-02-12,17520,17760,17480,17760,153260,KDH
2020-02-13,17620,17690,17450,17480,102180,KDH
2020-02-14,17410,17450,16990,17200,464310,KDH
2020-02-17,17030,17200,17030,17200,296120,KDH
2020-02-18,17200,17240,17100,17200,181170,KDH
2020-02-19,17160,17200,17130,17200,128710,KDH
2020-02-20,17200,17240,17160,17240,287650,KDH
2020-02-21,17240,17310,17130,17240,400170,KDH
2020-02-24,17060,17200,16990,17100,445530,KDH
2020-02-25,17060,17350,17060,17350,152980,KDH
2020-02-26,17200,17270,17130,17200,86790,KDH
2020-02-27,17160,17410,17160,17410,171130,KDH
2020-02-28,17130,17350,17130,17240,102250,KDH
2020-03-02,17240,17310,17200,17270,193070,KDH
2020-03-03,17410,17410,17240,17270,186820,KDH
2020-03-04,17270,17480,17270,17410,205010,KDH
2020-03-05,17410,17450,17370,17410,100370,KDH
2020-03-06,17370,17370,17200,17200,125780,KDH
2020-03-09,16850,16990,16149,16149,582800,KDH
2020-03-10,16149,16500,16149,16500,150820,KDH
2020-03-11,16500,16600,15940,16149,171290,KDH
2020-03-12,15580,16079,15030,15200,263770,KDH
2020-03-13,15090,15090,14150,14820,432310,KDH
2020-03-16,14820,14820,14050,14290,298420,KDH
2020-03-17,13970,14750,13970,14750,201400,KDH
2020-03-18,14780,14780,14560,14750,274660,KDH
2020-03-19,14600,14750,14180,14750,213960,KDH
2020-03-20,14750,14750,14010,14050,566210,KDH
2020-03-23,14050,14050,13270,13340,236800,KDH
2020-03-24,13900,13900,12920,13450,228300,KDH
2020-03-25,13480,13730,13450,13580,364740,KDH
2020-03-26,13620,14180,13550,13580,627430,KDH
2020-03-27,13620,13730,13550,13650,161610,KDH
2020-03-30,13480,13580,13130,13200,173010,KDH
2020-03-31,13200,13340,12290,12990,317340,KDH
2020-04-01,12990,13030,12640,12920,256170,KDH
2020-04-03,13050,13090,12710,12850,455210,KDH
2020-04-06,12850,13340,12670,13130,780740,KDH
2020-04-07,13270,13340,12920,13130,466250,KDH
2020-04-08,12990,13900,12990,13690,945510,KDH
2020-04-09,13690,14110,13690,14050,648850,KDH
2020-04-10,14110,14110,13690,13970,234330,KDH
2020-04-13,13760,14320,13760,14150,735890,KDH
2020-04-14,14110,14460,14110,14180,502130,KDH
2020-04-15,14320,14500,14320,14500,559480,KDH
2020-04-16,14540,14540,14390,14460,517930,KDH
2020-04-17,14500,14750,14500,14670,950520,KDH
2020-04-20,14670,14750,14600,14670,559680,KDH
2020-04-21,14600,14600,13830,14320,694050,KDH
2020-04-22,14180,14390,13900,14350,567860,KDH
2020-04-23,14320,14430,14220,14390,445860,KDH
2020-04-24,14390,14460,14320,14390,378450,KDH
2020-04-27,14430,14460,14350,14390,524000,KDH
2020-04-28,14430,14500,14350,14430,409390,KDH
2020-04-29,14710,14750,14430,14710,876730,KDH
2020-05-04,14670,14750,14600,14670,532680,KDH
2020-05-05,14710,14820,14670,14750,952670,KDH
2020-05-06,14780,14850,14540,14750,1020600,KDH
2020-05-07,14820,14920,14780,14850,1095220,KDH
2020-05-08,14920,15030,14880,14990,1027960,KDH
2020-05-11,14990,15030,14920,14990,769000,KDH
2020-05-12,15030,15840,14990,15840,1426970,KDH
2020-05-13,15650,16180,15410,16149,1050270,KDH
2020-05-14,16149,16180,15800,16110,541760,KDH
2020-05-15,16010,16010,15450,15450,876170,KDH
2020-05-18,15450,15520,15240,15310,267870,KDH
2020-05-19,15450,15730,15310,15730,1375670,KDH
2020-05-20,15650,15690,15450,15580,498750,KDH
2020-05-21,15620,15650,15450,15450,420140,KDH
2020-05-22,15480,15480,14920,14950,654160,KDH
2020-05-25,15030,15270,14950,15240,384940,KDH
2020-05-26,15240,15480,15240,15480,639110,KDH
2020-05-27,15550,15580,15130,15240,438170,KDH
2020-05-28,15310,15370,15200,15270,194020,KDH
2020-05-29,15270,15480,15270,15450,636980,KDH
2020-06-01,15520,15620,15410,15620,500190,KDH
2020-06-02,15730,15800,15480,15620,805820,KDH
2020-06-03,15520,16290,15450,16290,1355550,KDH
2020-06-04,16290,16570,16110,16149,1333970,KDH
2020-06-05,16180,16460,16079,16390,1012930,KDH
2020-06-08,16390,16990,16390,16780,702370,KDH
2020-06-09,16780,16920,16500,16500,891610,KDH
2020-06-10,16250,16540,16250,16540,1454910,KDH
2020-06-11,16640,16850,16149,16390,1061760,KDH
2020-06-12,16079,16329,15940,16290,964400,KDH
2020-06-15,16350,16430,16010,16149,627870,KDH
2020-06-16,16219,16350,16219,16350,367980,KDH
2020-06-17,16390,16390,16290,16350,299130,KDH
2020-06-18,16180,16500,16180,16430,367240,KDH
2020-06-19,16460,17130,16460,17060,876080,KDH
2020-06-22,17200,17200,16820,17030,566040,KDH
2020-06-23,17060,17060,16780,16920,900610,KDH
2020-06-24,16920,16990,16710,16850,696100,KDH
2020-06-25,16710,16820,16500,16750,651610,KDH
2020-06-26,16710,16750,16540,16570,614300,KDH
2020-06-29,16570,16710,16010,16290,735640,KDH
2020-06-30,16290,16350,15970,16290,475130,KDH
2020-07-01,16290,16390,16149,16350,236030,KDH
2020-07-02,16290,16500,16079,16500,699900,KDH
2020-07-03,16540,16990,16540,16850,597160,KDH
2020-07-06,16850,17030,16850,16950,316590,KDH
2020-07-07,16950,16950,16850,16880,271640,KDH
2020-07-08,16820,16850,16750,16850,357990,KDH
2020-07-09,16850,16850,16670,16850,595500,KDH
2020-07-10,16780,16950,16710,16950,436560,KDH
2020-07-13,17030,17270,16950,16990,932440,KDH
2020-07-14,16950,17060,16950,16990,232340,KDH
2020-07-15,17060,17200,17030,17200,543180,KDH
2020-07-16,17350,17800,17270,17800,1176680,KDH
2020-07-17,17800,17800,17520,17590,365900,KDH
2020-07-20,17590,17590,17270,17270,740840,KDH
2020-07-21,17410,17620,17200,17370,529530,KDH
2020-07-22,17410,17450,17240,17370,461050,KDH
2020-07-23,17370,17450,17310,17410,306990,KDH
2020-07-24,17410,17410,16820,17130,1055320,KDH
2020-07-27,16430,16850,16149,16149,712260,KDH
2020-07-28,15970,16640,15970,16640,396620,KDH
2020-07-29,16500,16500,16079,16500,265730,KDH
2020-07-30,16570,16820,16570,16820,273280,KDH
2020-07-31,16710,16880,16050,16050,1471660,KDH
2020-08-03,16219,16640,16219,16570,198590,KDH
2020-08-04,16640,17100,16570,17100,363840,KDH
2020-08-05,17100,17450,16990,17370,318600,KDH
2020-08-06,17270,17480,17270,17370,321800,KDH
2020-08-07,17370,17370,17160,17240,328240,KDH
2020-08-10,17240,17350,17200,17200,549960,KDH
2020-08-11,17200,17270,16920,17130,279810,KDH
2020-08-12,17130,17160,16880,16950,320710,KDH
2020-08-13,17060,17240,16950,17240,369970,KDH
2020-08-14,17240,17480,17240,17240,445490,KDH
2020-08-17,17270,17350,17130,17240,352730,KDH
2020-08-18,17240,17310,17200,17240,360700,KDH
2020-08-19,17430,17570,17270,17500,283990,KDH
2020-08-20,17460,17650,17380,17500,614950,KDH
2020-08-21,17500,17950,17500,17910,901320,KDH
2020-08-24,17990,18030,17870,17950,425800,KDH
2020-08-25,17990,18470,17950,18470,1195060,KDH
2020-08-26,18470,18550,18140,18440,378880,KDH
2020-08-27,18250,18510,18250,18470,550440,KDH
2020-08-28,18400,18470,18400,18400,446000,KDH
2020-08-31,18400,18470,18210,18290,562860,KDH
2020-09-01,18290,18400,18170,18360,492190,KDH
2020-09-03,18440,18770,18440,18770,1166890,KDH
2020-09-04,18630,19150,18630,18740,779920,KDH
2020-09-07,18740,18740,18290,18290,533690,KDH
2020-09-08,18250,18330,18060,18290,420510,KDH
2020-09-09,18030,18290,17950,18170,410220,KDH
2020-09-10,18330,18330,17990,17990,721800,KDH
2020-09-11,17990,18170,17870,18100,753970,KDH
2020-09-14,18170,18360,18140,18330,422740,KDH
2020-09-15,18400,18510,18400,18400,573640,KDH
2020-09-16,18400,18440,18210,18330,282800,KDH
2020-09-17,18330,18330,18030,18100,726490,KDH
2020-09-18,18140,18290,18140,18250,329490,KDH
2020-09-21,18290,18330,18250,18290,714600,KDH
2020-09-22,18290,18740,18290,18590,952030,KDH
2020-09-23,18550,18630,18440,18440,591270,KDH
2020-09-24,18440,18470,18170,18330,556500,KDH
2020-09-25,18360,18360,18140,18170,524660,KDH
2020-09-28,18170,18250,18100,18170,281670,KDH
2020-09-29,18170,18360,18100,18330,458040,KDH
2020-09-30,18290,18330,18030,18210,541530,KDH
2020-10-01,18250,18330,18210,18290,360380,KDH
2020-10-02,18290,18290,17910,18210,928170,KDH
2020-10-05,18210,18630,18170,18550,716860,KDH
2020-10-06,18740,18890,18590,18700,918350,KDH
2020-10-07,18700,18700,18440,18470,406060,KDH
2020-10-08,18470,18470,18140,18210,491910,KDH
2020-10-09,18210,18250,17990,18210,440240,KDH
2020-10-12,18250,18250,18030,18100,687060,KDH
2020-10-13,18030,18100,17730,17910,850770,KDH
2020-10-14,17800,18060,17760,18030,261800,KDH
2020-10-15,17990,17990,17730,17990,541610,KDH
2020-10-16,17950,17950,17730,17840,683570,KDH
2020-10-19,17840,17870,17730,17800,776120,KDH
2020-10-20,17910,18250,17840,17950,811810,KDH
2020-10-21,18030,18030,17910,17990,369330,KDH
2020-10-22,17990,18030,17910,17990,1380110,KDH
2020-10-23,17990,18330,17950,18330,1239270,KDH
2020-10-26,18360,18590,18330,18470,681450,KDH
2020-10-27,18470,18550,18250,18250,461280,KDH
2020-10-28,18250,18330,17950,18030,746210,KDH
2020-10-29,18030,18060,17870,17990,931850,KDH
2020-10-30,18030,18770,17910,18770,2443570,KDH
2020-11-02,18470,18510,18250,18330,397380,KDH
2020-11-03,18330,18400,18250,18290,565540,KDH
2020-11-04,18290,18330,18170,18250,974330,KDH
2020-11-05,18250,18890,18250,18740,3511060,KDH
2020-11-06,18770,18810,18470,18470,1038960,KDH
2020-11-09,18550,19070,18400,18660,1808490,KDH
2020-11-10,18770,18770,18360,18360,1525060,KDH
2020-11-11,18400,18630,17990,18330,2530790,KDH
2020-11-12,18330,18510,18250,18330,1212020,KDH
2020-11-13,18510,18590,18330,18590,1023280,KDH
2020-11-16,18630,18660,18170,18250,2381080,KDH
2020-11-17,18250,18440,18170,18330,1827690,KDH
2020-11-18,18400,18700,18360,18470,1110000,KDH
2020-11-19,18660,18660,18440,18590,1217150,KDH
2020-11-20,18590,19860,18510,19860,6066190,KDH
2020-11-23,20050,20240,19750,19970,1772520,KDH
2020-11-24,19970,19970,19370,19640,1508330,KDH
2020-11-25,19940,19940,19450,19490,1664620,KDH
2020-11-26,19450,20050,19450,19720,2058730,KDH
2020-11-27,19750,19970,19670,19830,2549720,KDH
2020-11-30,20280,20350,19940,20090,3255650,KDH
2020-12-01,19830,20130,19720,19940,1677010,KDH
2020-12-02,19940,20730,19900,20160,2685130,KDH
2020-12-03,20130,20430,20020,20320,2276280,KDH
2020-12-04,20320,20390,20200,20240,1328770,KDH
2020-12-07,20240,20500,20240,20430,1587990,KDH
2020-12-08,20430,20500,20200,20460,1560270,KDH
2020-12-09,20460,20880,20280,20730,1307160,KDH
2020-12-10,20730,21400,20650,21030,3048980,KDH
2020-12-11,21250,21360,20950,20990,1786630,KDH
2020-12-14,21030,21520,20990,21250,2162070,KDH
2020-12-15,21150,21330,20690,20800,3071580,KDH
2020-12-16,21030,21290,20760,21180,1870300,KDH
2020-12-17,21180,21180,20430,20650,3252360,KDH
2020-12-18,20580,20920,20540,20800,2520760,KDH
2020-12-21,20730,21220,20730,21100,1751610,KDH
2020-12-22,21100,21930,20920,21630,2052640,KDH
2020-12-23,21710,21780,21400,21630,1149480,KDH
2020-12-24,21550,21630,20650,21250,1820930,KDH
2020-12-25,21180,21360,20730,21360,1210400,KDH
2020-12-28,21400,21480,21180,21360,1459850,KDH
2020-12-29,21330,22010,21180,21660,2112050,KDH
2020-12-30,21660,22080,21590,21780,1243160,KDH
2020-12-31,21780,22080,21750,22010,591430,KDH
2021-01-04,22150,22260,21850,22050,1284600,KDH
2021-01-05,21930,22150,21850,22080,886200,KDH
2021-01-06,22080,23130,22080,22530,1741400,KDH
2021-01-07,22610,23050,22530,22750,1646400,KDH
2021-01-08,22980,23050,22570,22910,1314900,KDH
2021-01-11,22910,24480,22750,24450,2166900,KDH
2021-01-12,24550,25380,24110,25010,1492200,KDH
2021-01-13,24970,25080,24340,24640,1731100,KDH
2021-01-14,24410,24850,24180,24780,1309700,KDH
2021-01-15,24780,25720,24550,25540,1743600,KDH
2021-01-18,25540,25540,25160,25270,1295500,KDH
2021-01-19,25270,25270,23550,23950,2189800,KDH
2021-01-20,23920,24850,23210,24640,1311200,KDH
2021-01-21,24850,25050,24250,24780,1051600,KDH
2021-01-22,24780,25650,24710,25500,1412300,KDH
2021-01-25,25500,26740,25460,26660,1970600,KDH
2021-01-26,26740,26890,25570,26140,1425600,KDH
2021-01-27,25680,26280,25160,25720,1654300,KDH
2021-01-28,24110,24780,23950,23950,1491900,KDH
2021-01-29,22750,25610,22750,23950,1301000,KDH
2021-02-01,24110,24180,22380,22450,1581100,KDH
2021-02-02,22010,23550,21400,22950,2290100,KDH
2021-02-03,23280,24520,23020,23770,1430500,KDH
2021-02-04,23950,24710,23470,24550,1011500,KDH
2021-02-05,24550,24940,24410,24600,885900,KDH
2021-02-08,24780,24780,22910,23280,2232000,KDH
2021-02-09,23280,24040,23130,23950,1565400,KDH
2021-02-17,24480,25540,24180,25160,742200,KDH
2021-02-18,25240,25910,24710,25760,1236800,KDH
2021-02-19,25160,25760,25160,25460,661100,KDH
2021-02-22,25540,25840,25050,25460,1228100,KDH
2021-02-23,25310,25610,25010,25160,1473800,KDH
2021-02-24,25160,25380,24550,24710,1472000,KDH
2021-02-25,24710,24850,24040,24340,2183500,KDH
2021-02-26,23880,24110,23650,23950,2163800,KDH
2021-03-01,24180,24410,23950,24410,1398800,KDH
2021-03-02,24780,24780,24410,24640,1354400,KDH
2021-03-03,24780,24780,24520,24640,1721500,KDH
2021-03-04,24640,24750,23510,23990,1164500,KDH
2021-03-05,23810,23810,23170,23620,2104000,KDH
2021-03-08,23650,23950,23170,23350,2586100,KDH
2021-03-09,23280,23320,22680,23130,1904700,KDH
2021-03-10,23170,24410,22980,23810,1965600,KDH
2021-03-11,24180,24180,23350,23690,1192000,KDH
2021-03-12,23690,23810,23320,23390,1911700,KDH
2021-03-15,23440,23690,23350,23550,1416300,KDH
2021-03-16,23580,23580,23210,23470,1203000,KDH
2021-03-17,23580,23880,23440,23650,1904400,KDH
2021-03-18,23810,24250,23650,24180,1755000,KDH
2021-03-19,24250,24600,23950,24370,2289800,KDH
2021-03-22,24450,24450,24040,24040,1251800,KDH
2021-03-23,24040,24040,23440,23580,1387800,KDH
2021-03-24,23350,23510,22910,23210,1651900,KDH
2021-03-25,23210,23320,22450,23210,1804200,KDH
2021-03-26,22980,23050,22380,22530,1308100,KDH
2021-03-29,22680,22910,22570,22830,779900,KDH
2021-03-30,22830,23170,22750,22830,1256700,KDH
2021-03-31,22830,23020,22680,22870,1324500,KDH
2021-04-01,22910,23350,22870,23280,2047300,KDH
2021-04-02,23550,23650,23440,23510,1086800,KDH
2021-04-05,23580,23690,22950,23050,2108200,KDH
2021-04-06,22910,23440,22870,23250,1620200,KDH
2021-04-07,23280,23350,23050,23170,1649900,KDH
2021-04-08,23510,24410,23510,23580,3222500,KDH
2021-04-09,24040,24110,23810,23920,1600800,KDH
2021-04-12,24040,24220,23880,24110,1776500,KDH
2021-04-13,24180,24180,23550,23620,2402600,KDH
2021-04-14,23580,23920,23280,23810,1345900,KDH
2021-04-15,23880,23950,23280,23350,3427100,KDH
2021-04-16,23320,23740,23130,23580,2106100,KDH
2021-04-19,23740,25200,23440,24850,7732600,KDH
2021-04-20,24900,26140,24900,25650,5564200,KDH
2021-04-22,25760,26060,24780,24780,5113700,KDH
2021-04-23,24780,26510,24340,26510,7512000,KDH
2021-04-26,26890,27040,25840,25910,3947900,KDH
2021-04-27,25610,26580,25610,25950,4093800,KDH
2021-04-28,25840,26810,25720,26170,8048000,KDH
2021-04-29,26360,26890,26250,26400,11026900,KDH
2021-05-04,26280,28200,25910,27750,6013700,KDH
2021-05-05,27860,28010,27340,27450,4372700,KDH
2021-05-06,27340,28090,27230,27370,4334300,KDH
2021-05-07,27300,27490,26740,27260,6818700,KDH
2021-05-10,27190,27640,26890,27370,4548300,KDH
2021-05-11,27370,28240,27190,27640,5788900,KDH
2021-05-12,27640,27900,27190,27860,3297900,KDH
2021-05-13,27790,27970,27450,27560,3389100,KDH
2021-05-14,27790,28540,27530,27970,4937300,KDH
2021-05-17,27970,28090,27260,27410,4412900,KDH
2021-05-18,27110,27340,26890,27040,3940900,KDH
2021-05-19,26960,27000,26280,26890,5583700,KDH
2021-05-20,26810,27750,26810,27410,2729000,KDH
2021-05-21,27490,28310,27450,28090,4509300,KDH
2021-05-24,28090,28540,28090,28130,4367300,KDH
2021-05-25,27940,28200,27710,27830,2689600,KDH
2021-05-26,27710,28130,27410,27860,2885400,KDH
2021-05-27,27970,29660,27860,29290,8750800,KDH
2021-05-28,29480,29480,28990,29290,2688400,KDH
2021-05-31,29250,29740,28760,29630,3991900,KDH
2021-06-01,29820,30190,29290,29700,4518700,KDH
2021-06-02,29590,30050,29440,29660,3754500,KDH
2021-06-03,29590,30120,29520,29890,3257900,KDH
2021-06-04,29740,29960,29220,29400,4720600,KDH
2021-06-07,29440,29740,28760,29140,4367100,KDH
2021-06-08,29140,29520,28800,28950,5436800,KDH
2021-06-09,28950,29440,28540,29220,3497200,KDH
2021-06-10,29220,29660,28920,29220,2712800,KDH
2021-06-11,29670,30580,29500,30410,3920600,KDH
2021-06-14,30410,30660,30370,30500,2935200,KDH
2021-06-15,30160,30580,30130,30500,1810400,KDH
2021-06-16,30250,30830,30160,30500,2246400,KDH
2021-06-17,30080,30620,29920,30500,1586500,KDH
2021-06-18,30580,31320,30580,30860,2723300,KDH
2021-06-21,30750,31070,30500,30860,2181300,KDH
2021-06-22,30990,31200,30750,30830,1930000,KDH
2021-06-23,30990,30990,30410,30450,1976000,KDH
2021-06-24,30370,30450,29840,29920,1771200,KDH
2021-06-25,29920,30660,29840,30660,2112000,KDH
2021-06-28,30660,30780,30540,30700,1515900,KDH
2021-06-29,30700,31490,30700,30990,3357100,KDH
2021-06-30,30990,31490,30910,31040,2263600,KDH
2021-07-01,31040,31240,30750,31150,2175700,KDH
2021-07-02,31150,31320,30990,31070,2099800,KDH
2021-07-05,30910,30910,30410,30410,1918500,KDH
2021-07-06,30370,30780,29840,29840,2091200,KDH
2021-07-07,29750,30370,28760,30330,4087900,KDH
2021-07-08,30330,30500,29670,30370,2712000,KDH
2021-07-09,30410,30620,30130,30250,3217600,KDH
2021-07-12,30250,30330,29010,29920,3714200,KDH
2021-07-13,29710,30130,29630,30000,1547200,KDH
2021-07-14,30000,30660,29340,30450,2884200,KDH
2021-07-15,30500,30500,29840,30050,1480500,KDH
2021-07-16,30160,30580,30050,30540,1400500,KDH
2021-07-19,30250,32650,30160,30830,8637800,KDH
2021-07-20,30990,31570,30290,30500,3284000,KDH
2021-07-21,30410,30660,30250,30290,1705800,KDH
2021-07-22,30210,32400,30000,32400,14906700,KDH
2021-07-23,32439,33470,31740,31740,6386300,KDH
2021-07-26,32229,33140,31770,32350,6047800,KDH
2021-07-27,32650,32940,32150,32439,4687300,KDH
2021-07-28,32229,32439,31860,32030,3765700,KDH
2021-07-29,32060,32890,31570,32890,5049500,KDH
2021-07-30,32729,34220,32560,33640,7711700,KDH
2021-08-02,33470,34090,33020,33310,3901100,KDH
2021-08-03,33140,34300,33100,33850,4934300,KDH
2021-08-04,33800,34170,33230,33550,4626700,KDH
2021-08-05,33430,34050,33230,33880,3501500,KDH
2021-08-06,34090,35050,33960,34220,5705300,KDH
2021-08-09,34220,35000,34220,35000,3679000,KDH
2021-08-10,35050,35050,34590,34630,5592600,KDH
2021-08-11,34550,34670,32970,33100,9691200,KDH
2021-08-12,32890,33930,32890,33390,4357800,KDH
2021-08-13,33350,34550,33050,34550,4242300,KDH
2021-08-16,34550,34840,34300,34460,3772400,KDH
2021-08-17,34300,34300,33760,34050,2505500,KDH
2021-08-18,33880,34790,33760,34300,2857300,KDH
2021-08-19,34300,34460,34010,34340,2045700,KDH
2021-08-20,34220,34590,32150,32560,4095500,KDH
2021-08-23,32229,32600,31320,31410,4191300,KDH
2021-08-24,31410,31740,30990,31410,2139000,KDH
2021-08-25,31410,31740,31150,31740,1174600,KDH
2021-08-26,31820,31900,31320,31530,1860600,KDH
2021-08-27,31410,32350,31320,32350,2906900,KDH
2021-08-30,32400,32970,32189,32650,1269900,KDH
2021-08-31,32650,33140,32479,32850,2709700,KDH
2021-09-01,32600,32850,32320,32479,1135900,KDH
2021-09-06,32970,34170,32650,33850,4883300,KDH
2021-09-07,34010,34010,33310,33550,1888700,KDH
2021-09-08,33510,33510,32940,33050,1523800,KDH
2021-09-09,33390,33720,33050,33470,1593100,KDH
2021-09-10,33640,33680,33390,33510,1703900,KDH
2021-09-13,33510,34420,33510,34090,5306000,KDH
2021-09-14,34050,34250,33930,34090,2187800,KDH
2021-09-15,34010,34140,33720,34050,1497600,KDH
2021-09-16,34140,35580,34140,35290,6127500,KDH
2021-09-17,35370,35540,34710,34710,5393700,KDH
2021-09-20,34710,35130,34460,34870,3503900,KDH
2021-09-21,34300,34710,33880,34500,2785500,KDH
2021-09-22,34500,35500,34300,34710,2719700,KDH
2021-09-23,34710,35130,34710,34710,1713300,KDH
2021-09-24,34710,35000,34500,34710,2021400,KDH
2021-09-27,34710,34790,34140,34170,2547500,KDH
2021-09-28,33720,34630,33720,34380,2359700,KDH
2021-09-29,34380,34550,34010,34380,960800,KDH
2021-09-30,34250,34630,34250,34380,965400,KDH
2021-10-01,34340,34380,34140,34140,930400,KDH
2021-10-04,34250,34250,33760,33960,1306400,KDH
2021-10-05,33960,34340,33930,34340,1672300,KDH
2021-10-06,34550,35000,34460,34710,1838100,KDH
2021-10-07,34870,35130,34750,35000,3196600,KDH
2021-10-08,35080,36200,35080,35990,6213400,KDH
2021-10-11,36040,36200,35700,36070,2157200,KDH
2021-10-12,36070,36320,35620,35990,2048000,KDH
2021-10-13,36040,36200,35910,35990,2498600,KDH
2021-10-14,36040,36690,35990,36200,4336000,KDH
2021-10-15,36150,36490,36070,36240,2788100,KDH
2021-10-18,36240,37030,36200,36610,3917300,KDH
2021-10-19,36860,37440,36610,36820,4009400,KDH
2021-10-20,36820,37110,35950,36610,2598000,KDH
2021-10-21,36690,37600,36650,37110,4208600,KDH
2021-10-22,37190,37730,37110,37650,2578300,KDH
2021-10-25,38020,39380,37770,38510,4292100,KDH
2021-10-26,38310,38510,37600,38050,2930500,KDH
2021-10-27,38430,39710,38310,39670,4492900,KDH
2021-10-28,39710,41410,39590,40910,4235700,KDH
2021-10-29,41070,42150,40700,42150,4833500,KDH
2021-11-01,41320,41410,40160,40500,5908400,KDH
2021-11-02,40370,42230,40250,41650,3894500,KDH
2021-11-03,42150,42150,38800,39010,5024500,KDH
2021-11-04,38680,40080,38550,39220,3271200,KDH
2021-11-05,39590,40210,39300,39840,2358300,KDH
2021-11-08,39710,40000,39250,39710,2914200,KDH
2021-11-09,40000,40580,39670,40000,3453100,KDH
2021-11-10,40050,40250,39590,39920,2941900,KDH
2021-11-11,40080,41570,40080,41150,6171300,KDH
2021-11-12,41150,41490,40410,40910,2167600,KDH
2021-11-15,41320,41320,40620,40750,2758400,KDH
2021-11-16,40080,40580,39170,39870,2812600,KDH
2021-11-17,39670,40080,39590,39920,1030200,KDH
2021-11-18,39840,40000,39340,39340,2089100,KDH
2021-11-19,39380,39500,37520,37940,3664400,KDH
2021-11-22,37770,38430,35540,35540,2618700,KDH
2021-11-23,35540,37600,35540,37600,1269600,KDH
2021-11-24,37680,38760,37440,38760,1461200,KDH
2021-11-25,38850,39090,38590,38590,1595000,KDH
2021-11-26,38760,38760,38230,38310,1389800,KDH
2021-11-29,37600,38260,37190,37770,1374300,KDH
2021-11-30,37970,38680,37940,38390,1589300,KDH
2021-12-01,38430,38430,37970,38020,1075200,KDH
2021-12-02,38350,38760,37970,38260,1353100,KDH
2021-12-03,38430,38720,38050,38050,1304400,KDH
2021-12-06,38020,38140,35540,35780,1075700,KDH
2021-12-07,35990,37520,35990,37440,1108700,KDH
2021-12-08,37440,37970,37350,37850,989100,KDH
2021-12-09,37850,39790,37770,39750,2830800,KDH
2021-12-10,39710,40250,39300,39500,1759600,KDH
2021-12-13,40250,41320,39710,40990,2491100,KDH
2021-12-14,40950,41150,40000,40080,1928400,KDH
2021-12-15,40160,40500,39710,39840,1405200,KDH
2021-12-16,39710,40330,39710,40000,1208700,KDH
2021-12-17,40330,41820,40080,41650,6014600,KDH
2021-12-20,41740,41740,40620,41320,1745700,KDH
2021-12-21,41150,41900,40750,41490,1767600,KDH
2021-12-22,41070,43960,41070,42730,4010100,KDH
2021-12-23,42970,43880,42230,42730,4170800,KDH
2021-12-24,42970,43310,41740,42150,1106700,KDH
2021-12-27,42150,43960,41410,43800,3508500,KDH
2021-12-28,43880,44380,42970,43390,1635800,KDH
2021-12-29,43470,45290,43470,43800,4299500,KDH
2021-12-30,44220,44300,42970,43050,2210000,KDH
2021-12-31,43310,43310,42150,42150,1812500,KDH
2022-01-04,42810,44950,42560,44950,3045800,KDH
2022-01-05,45130,47520,44630,46040,3718200,KDH
2022-01-06,46120,47190,45210,46950,3195500,KDH
2022-01-07,47110,47110,46040,46770,2063600,KDH
2022-01-10,46280,46530,44300,44710,2656000,KDH
2022-01-11,44630,45370,43800,43800,3459900,KDH
2022-01-12,42480,44630,41820,44380,4388900,KDH
2022-01-13,44790,45210,43550,44220,3651300,KDH
2022-01-14,43800,44710,43310,44220,1200300,KDH
2022-01-17,43880,44220,41150,41150,2508100,KDH
2022-01-18,40580,42150,40580,41740,1918100,KDH
2022-01-19,41410,42890,41410,42890,1145400,KDH
2022-01-20,42970,43390,42320,42730,1078000,KDH
2022-01-21,43050,43050,41570,41980,1540200,KDH
2022-01-24,42230,42230,40500,40580,1344000,KDH
2022-01-25,40160,41570,39340,41240,1688500,KDH
2022-01-26,41650,42150,41070,41650,1357000,KDH
2022-01-27,41320,42230,41320,41410,587300,KDH
2022-01-28,41320,41980,41070,41320,767200,KDH
2022-02-07,41980,42150,41570,41820,641400,KDH
2022-02-08,41900,41980,41490,41650,749500,KDH
2022-02-09,41820,44220,41650,43880,2094400,KDH
2022-02-10,43800,44220,43050,43640,1182100,KDH
2022-02-11,43640,43800,43230,43640,694600,KDH
2022-02-14,43390,43720,42650,43550,1148000,KDH
2022-02-15,43470,44300,43310,44220,1621100,KDH
2022-02-16,44460,44710,44140,44460,776000,KDH
2022-02-17,44550,45370,44050,45370,2016000,KDH
2022-02-18,44950,45290,44630,44630,939600,KDH
2022-02-21,44630,45290,44630,44790,789600,KDH
2022-02-22,44460,44790,43140,44550,1597200,KDH
2022-02-23,44550,45210,44140,44710,1019700,KDH
2022-02-24,44710,44710,42560,43640,1949900,KDH
2022-02-25,43800,44460,43800,44050,790700,KDH
2022-02-28,44050,44380,43470,43720,629500,KDH
2022-03-01,43800,44870,43550,44710,1999200,KDH
2022-03-02,44790,45210,44380,44380,1369300,KDH
2022-03-03,44870,45290,44460,45130,1261000,KDH
2022-03-04,45370,45780,44950,45130,1601600,KDH
2022-03-07,44630,44870,43720,44460,1348300,KDH
2022-03-08,43800,44140,43050,43050,1741700,KDH
2022-03-09,42730,43390,41900,42320,1402500,KDH
2022-03-10,42650,43140,42560,42560,635900,KDH
2022-03-11,42480,42650,41980,42150,1354700,KDH
2022-03-14,42060,42320,40660,41490,1213700,KDH
2022-03-15,42060,42060,40910,41320,1005200,KDH
2022-03-16,41570,42150,41280,41820,701100,KDH
2022-03-17,42060,43230,41740,42480,1101700,KDH
2022-03-18,42650,43050,42150,42150,1361100,KDH
2022-03-21,42650,44050,42400,44050,2032200,KDH
2022-03-22,44140,44460,43640,43640,1390400,KDH
2022-03-23,43880,44460,43390,43800,1330500,KDH
2022-03-24,43800,44300,43550,43880,832700,KDH
2022-03-25,44140,44550,43880,44050,1108300,KDH
2022-03-28,43470,44220,43390,43720,1267100,KDH
2022-03-29,43720,44300,43550,44140,1327800,KDH
2022-03-30,43720,44220,42970,43470,1206900,KDH
2022-03-31,43470,44050,43470,43640,795500,KDH
2022-04-01,43310,44380,42560,44300,1640000,KDH
2022-04-04,44380,44380,43550,43640,1086000,KDH
2022-04-05,43640,43640,42650,42970,1521900,KDH
2022-04-06,42650,42970,41980,42150,1921900,KDH
2022-04-07,42400,42650,42150,42230,611400,KDH
2022-04-08,42480,42560,41980,42060,1043700,KDH
2022-04-12,42060,42230,41410,41410,706700,KDH
2022-04-13,41320,42060,41320,41820,904400,KDH
2022-04-14,41820,41900,41150,41410,1010400,KDH
2022-04-15,41570,41570,40830,40910,1029900,KDH
2022-04-18,40830,41120,40410,40750,1182300,KDH
2022-04-19,41070,42320,40990,41410,1329700,KDH
2022-04-20,42060,42060,41240,41240,1206300,KDH
2022-04-21,40950,41650,39250,39670,1656300,KDH
2022-04-22,39250,40950,39250,40500,2084000,KDH
2022-04-25,40410,40910,37770,38020,1041600,KDH
2022-04-26,37350,38930,37030,38800,1513300,KDH
2022-04-27,37970,39340,37600,38850,976500,KDH
2022-04-28,38850,38930,38590,38850,532800,KDH
2022-04-29,38850,39750,38430,39590,1808500,KDH
2022-05-04,39010,39170,38430,38430,420000,KDH
2022-05-05,38590,38590,36820,38100,788200,KDH
2022-05-06,37770,38100,37030,38100,1285100,KDH
2022-05-09,37600,37850,35450,35450,1264000,KDH
2022-05-10,35290,35860,34300,35860,1439400,KDH
2022-05-11,35860,36240,35050,36040,1603700,KDH
2022-05-12,35620,35950,34460,34920,951900,KDH
2022-05-13,34920,34920,32479,32479,1506300,KDH
2022-05-16,32810,33140,31650,32479,1057400,KDH
2022-05-17,32479,34630,31980,34460,1143400,KDH
2022-05-18,34460,34550,33930,34300,1273400,KDH
2022-05-19,33880,34460,33640,34300,973200,KDH
2022-05-20,34300,34460,34010,34220,1235300,KDH
2022-05-23,34460,34460,33140,33800,529100,KDH
2022-05-24,33720,33800,32150,33140,723100,KDH
2022-05-25,33140,33880,33100,33800,1516700,KDH
2022-05-26,34220,34630,33880,34250,836200,KDH
2022-05-27,34300,35370,34300,35160,1442300,KDH
2022-05-30,35160,35210,34550,35050,971800,KDH
2022-05-31,35000,35000,34380,34750,732000,KDH
2022-06-01,34630,34950,34380,34710,819300,KDH
2022-06-02,34670,34670,33640,33880,745800,KDH
2022-06-03,33800,33800,33310,33720,644000,KDH
2022-06-06,33720,33800,33050,33590,631700,KDH
2022-06-07,33140,33390,32970,33390,652900,KDH
2022-06-08,33390,34710,33390,34140,825000,KDH
2022-06-09,34140,34300,33550,33930,878200,KDH
2022-06-10,33850,34300,33720,33850,629400,KDH
2022-06-13,33390,33640,32970,32970,792700,KDH
2022-06-14,33140,33140,32189,32229,1225100,KDH
2022-06-15,32150,32229,30830,31490,1117100,KDH
2022-06-16,31450,32560,31450,32320,638600,KDH
2022-06-17,31740,32479,30910,32229,836900,KDH
2022-06-20,32150,32400,31410,31860,1020200,KDH
2022-06-21,31820,32229,31490,31950,824100,KDH
2022-06-22,31820,32189,31410,31820,656400,KDH
2022-06-23,31740,31820,31410,31490,471500,KDH
2022-06-24,31320,31980,31320,31770,645400,KDH
2022-06-27,31740,32400,31740,32270,879300,KDH
2022-06-28,32400,32810,32320,32439,712200,KDH
2022-06-29,32320,32729,32229,32479,626400,KDH
2022-06-30,32400,32560,32150,32150,514300,KDH
2022-07-01,32150,32650,31410,32110,830400,KDH
2022-07-04,32640,32680,32360,32549,432600,KDH
2022-07-05,32549,32729,32000,32000,536000,KDH
2022-07-06,31730,32270,31360,31860,1045000,KDH
2022-07-07,31820,32360,31730,32360,828700,KDH
2022-07-08,32409,33360,32320,32770,1076200,KDH
2022-07-11,32729,32910,31820,31820,734900,KDH
2022-07-12,31860,32360,31820,32360,615700,KDH
2022-07-13,32360,32409,32049,32140,670700,KDH
2022-07-14,32090,33450,31820,33450,1659300,KDH
2022-07-15,33640,33950,33000,33050,724100,KDH
2022-07-18,33090,33090,32770,32910,515300,KDH
2022-07-19,32910,32910,32409,32729,673700,KDH
2022-07-20,33000,33450,32860,33360,871200,KDH
2022-07-21,33360,33730,33000,33590,967100,KDH
2022-07-22,33450,33550,33090,33180,637800,KDH
2022-07-25,33000,33500,33000,33000,530000,KDH
2022-07-26,33000,33730,32950,33680,1158500,KDH
2022-07-27,33590,34180,33500,33910,649500,KDH
2022-07-28,33910,34730,33860,34550,692800,KDH
2022-07-29,34680,35090,34050,34090,959300,KDH
2022-08-01,34180,35270,34090,35000,763300,KDH
2022-08-02,34910,35270,34450,35270,1025700,KDH
2022-08-03,34730,35410,34730,35410,933000,KDH
2022-08-04,35410,35550,35140,35450,980100,KDH
2022-08-05,35360,35360,34950,35180,635500,KDH
2022-08-08,35180,35450,34730,35090,657100,KDH
2022-08-09,35090,35140,34820,34860,733100,KDH
2022-08-10,34910,35320,34820,35230,740600,KDH
2022-08-11,35450,35640,35360,35450,853100,KDH
2022-08-12,35270,35410,35090,35270,714700,KDH
2022-08-15,35320,35360,35090,35270,1005200,KDH
2022-08-16,35270,35730,35140,35320,699600,KDH
2022-08-17,35360,35730,35320,35730,1150500,KDH
2022-08-18,35730,36050,35680,35730,1082900,KDH
2022-08-19,35730,35820,35000,35180,790200,KDH
2022-08-22,35090,35090,34270,34270,946500,KDH
2022-08-23,34090,34270,33590,34270,1371400,KDH
2022-08-24,34360,34550,34180,34320,1025600,KDH
2022-08-25,34320,34820,34320,34730,660700,KDH
2022-08-26,34500,35050,34500,34860,676700,KDH
2022-08-29,34550,34590,34000,34180,996400,KDH
2022-08-30,34180,34590,34180,34270,606400,KDH
2022-08-31,34270,34320,33640,33640,1026700,KDH
2022-09-05,33770,34050,33270,33450,927700,KDH
2022-09-06,33450,33640,32770,32910,1503400,KDH
2022-09-07,32910,33000,32049,32090,1257400,KDH
2022-09-08,32270,32450,32090,32270,652700,KDH
2022-09-09,32270,32320,32140,32270,962100,KDH
2022-09-12,32360,32640,32360,32549,735000,KDH
2022-09-13,32640,32729,32409,32549,968600,KDH
2022-09-14,32180,32590,32180,32450,869500,KDH
2022-09-15,32450,32549,31910,32270,758800,KDH
2022-09-16,32320,32320,30820,30820,4361400,KDH
2022-09-19,30910,31360,30320,30590,1230200,KDH
2022-09-20,30640,30770,29910,30360,1023200,KDH
2022-09-21,30320,30320,28500,28590,1688500,KDH
2022-09-22,28410,28950,27450,28590,4042900,KDH
2022-09-23,29000,29140,28000,28450,2782300,KDH
2022-09-26,27910,27910,26500,26910,6888200,KDH
2022-09-27,27180,27180,25500,26730,3045500,KDH
2022-09-28,26640,27500,26180,26730,1665500,KDH
2022-09-29,27270,28050,26320,26320,3953500,KDH
2022-09-30,26140,26590,24500,25500,4391200,KDH
2022-10-03,25000,25450,23730,23730,3851100,KDH
2022-10-04,23640,24550,23450,23770,3042100,KDH
2022-10-05,24500,25360,24270,25000,2711700,KDH
2022-10-06,25000,25000,23360,23860,2310200,KDH
2022-10-07,22730,23450,22230,22730,3114300,KDH
2022-10-10,22450,24090,22450,23550,2539100,KDH
2022-10-11,23730,23730,21910,22180,2265900,KDH
2022-10-12,22450,23730,22180,23730,2143600,KDH
2022-10-13,23730,24180,23640,24090,1449100,KDH
2022-10-14,24550,24590,23680,24090,2591300,KDH
2022-10-17,23950,23950,22680,23270,1980300,KDH
2022-10-18,23500,24360,23450,23910,1556000,KDH
2022-10-19,23860,24000,23180,23500,1010700,KDH
2022-10-20,23450,23500,22820,23180,1389400,KDH
2022-10-21,23090,23180,21590,21680,3271800,KDH
2022-10-24,21680,21910,20180,20180,1223700,KDH
2022-10-25,19820,20450,18770,19090,3442700,KDH
2022-10-26,19180,20410,19180,19730,2967900,KDH
2022-10-27,20090,21090,20000,20910,1666000,KDH
2022-10-28,21270,21640,20820,20910,1681000,KDH
2022-10-31,20910,20910,19770,20640,1503000,KDH
2022-11-01,20820,21270,20270,20730,1567500,KDH
2022-11-02,20730,21050,20360,20910,1554300,KDH
2022-11-03,20730,20950,20640,20950,1194200,KDH
2022-11-04,20770,20770,19500,19500,2120300,KDH
2022-11-07,18680,18820,18140,18140,1865300,KDH
2022-11-08,17180,19270,17000,18450,2206800,KDH
2022-11-09,18360,19050,18270,18450,2203500,KDH
2022-11-10,17230,17910,17180,17270,1751200,KDH
2022-11-11,17450,18450,17450,18360,3558000,KDH
2022-11-14,18320,18820,18000,18450,2813200,KDH
2022-11-15,18450,18500,17360,17640,2099200,KDH
2022-11-16,17180,18860,16410,18410,3950700,KDH
2022-11-17,18590,19640,18410,19590,6040300,KDH
2022-11-18,19640,20360,19550,20090,4560900,KDH
2022-11-21,20450,20550,19950,20360,2963200,KDH
2022-11-22,20360,21450,20000,20410,4370700,KDH
2022-11-23,20270,20410,19550,19860,2312500,KDH
2022-11-24,19680,20090,18500,19090,3817700,KDH
2022-11-25,19550,20410,19500,20410,4957400,KDH
2022-11-28,20860,21820,20770,21820,5668100,KDH
2022-11-29,22450,23320,22270,23320,8516200,KDH
2022-11-30,23820,24910,23180,24910,2715400,KDH
2022-12-01,26550,26640,23820,24730,6110400,KDH
2022-12-02,24730,26450,24360,26450,2560000,KDH
2022-12-05,27730,28270,27000,28270,3500900,KDH
2022-12-06,27770,28140,26860,26860,3309000,KDH
2022-12-07,26860,28090,26550,27180,3292600,KDH
2022-12-08,27090,27680,26270,27550,4646300,KDH
2022-12-09,27450,27450,26550,27320,2462800,KDH
2022-12-12,27270,27270,25410,25410,3708400,KDH
2022-12-13,24910,25410,23640,25360,2343600,KDH
2022-12-14,26180,26180,25090,25450,1397600,KDH
2022-12-15,25410,25860,25230,25640,1051900,KDH
2022-12-16,25550,26640,25000,25000,4008400,KDH
2022-12-19,25000,25000,24270,24270,2347000,KDH
2022-12-20,24270,24820,22640,23450,1975200,KDH
2022-12-21,23500,23640,22500,22820,1299700,KDH
2022-12-22,23000,24410,22910,24410,1514900,KDH
2022-12-23,24550,24550,23730,23860,1106400,KDH
2022-12-26,23820,23910,22410,22410,1389700,KDH
2022-12-27,22820,23360,22770,23320,356200,KDH
2022-12-27,23320,23950,23320,23950,1083300,KDH
2022-12-28,24410,25410,23950,24590,1123200,KDH
2022-12-29,24640,25590,24270,25410,1415400,KDH
2022-12-30,25730,25730,24090,24090,784000,KDH
2023-01-03,24450,25640,24180,25450,1783300,KDH
2023-01-04,25640,25640,25050,25320,1528300,KDH
2023-01-05,25320,25500,25140,25180,1108500,KDH
2023-01-06,25360,25950,25180,25270,3116700,KDH
2023-01-09,25320,25910,25320,25410,2627400,KDH
2023-01-10,25450,25550,25000,25360,1522900,KDH
2023-01-11,25450,25770,25410,25550,1262300,KDH
2023-01-12,25640,25730,24360,24360,1935200,KDH
2023-01-13,24640,24820,23450,23820,1532600,KDH
2023-01-16,23820,24140,23820,23950,1044800,KDH
2023-01-17,24000,24410,23860,24360,882200,KDH
2023-01-18,24360,25360,24270,25270,817600,KDH
2023-01-19,25230,25450,25090,25090,1443900,KDH
2023-01-27,25140,25550,24950,25140,1104400,KDH
2023-01-30,25140,25910,24820,25230,1299300,KDH
2023-01-31,25230,25590,25230,25450,2429000,KDH
2023-02-01,25910,26000,23680,24090,2835300,KDH
2023-02-02,24140,24910,24090,24180,1347700,KDH
2023-02-03,24360,24550,24050,24500,2075200,KDH
2023-02-06,24450,24910,24270,24860,1615200,KDH
2023-02-07,25000,25550,24730,24730,1773200,KDH
2023-02-08,24730,24770,24270,24550,1501200,KDH
2023-02-09,24550,24680,24450,24500,1181900,KDH
2023-02-10,24590,25320,24590,25000,3018300,KDH
2023-02-13,24910,25000,23410,23640,2904600,KDH
2023-02-14,24140,24450,23820,24180,1101800,KDH
2023-02-15,24180,25050,24180,25000,1757300,KDH
2023-02-16,25050,25270,24730,25270,1161200,KDH
2023-02-17,25360,26090,25270,25270,1838900,KDH
2023-02-20,25360,25730,25320,25730,2333900,KDH
2023-02-21,25910,26180,25500,25550,2003100,KDH
2023-02-22,25450,25450,24360,24360,1595600,KDH
2023-02-23,24410,24680,23410,24230,1852300,KDH
2023-02-24,24230,24450,23360,23640,1058000,KDH
2023-02-27,23270,23550,22820,23140,1126400,KDH
2023-02-28,23360,23450,22360,23140,943200,KDH
2023-03-01,22910,22910,22230,22410,3048800,KDH
2023-03-02,22450,23140,22450,22640,770300,KDH
2023-03-03,22730,23000,21820,22140,1095100,KDH
2023-03-06,22860,23550,22360,23550,2049600,KDH
2023-03-07,23550,23680,23410,23450,691300,KDH
2023-03-08,23270,23550,21820,23550,654600,KDH
2023-03-09,23550,23910,23450,23640,1322800,KDH
2023-03-10,23500,24230,23500,24090,763800,KDH
2023-03-13,23910,24450,23550,24090,1012200,KDH
2023-03-14,24090,24180,23090,23450,819000,KDH
2023-03-15,24000,24360,22950,24140,662000,KDH
2023-03-16,24140,24140,23730,23860,439900,KDH
2023-03-17,24000,24320,23860,24320,1340900,KDH
2023-03-20,24000,24090,22680,23410,870500,KDH
2023-03-21,23640,23820,23000,23820,1173400,KDH
2023-03-22,23910,24090,23590,24000,1026000,KDH
2023-03-23,23640,23910,23640,23640,676200,KDH
2023-03-24,23770,24270,23730,24230,1048100,KDH
2023-03-27,24230,24410,24090,24180,843600,KDH
2023-03-28,24550,25000,24090,24090,1117500,KDH
2023-03-29,24680,24730,24320,24550,601900,KDH
2023-03-30,24730,24730,24550,24590,334600,KDH
2023-03-31,24550,25270,24550,25230,1212500,KDH
2023-04-03,25450,26360,25270,26360,2216700,KDH
2023-04-04,26820,26820,26090,26450,1313200,KDH
2023-04-05,26410,26820,26230,26450,1326800,KDH
2023-04-06,26450,26450,25450,25820,2476800,KDH
2023-04-07,25640,26090,25410,25500,2451200,KDH
2023-04-10,25910,26270,25450,25730,3425800,KDH
2023-04-11,25770,25910,25410,25910,638400,KDH
2023-04-12,26000,27320,25910,27140,3512800,KDH
2023-04-13,27140,27180,26500,27140,1390400,KDH
2023-04-14,26910,27050,25910,26360,1326400,KDH
2023-04-17,26000,26550,25910,26450,856100,KDH
2023-04-18,26550,26550,26000,26360,687200,KDH
2023-04-19,26450,26450,25860,25860,721000,KDH
2023-04-20,25730,25950,25730,25820,564700,KDH
2023-04-21,25860,26000,25500,25770,815900,KDH
2023-04-24,25820,25910,25180,25680,912300,KDH
2023-04-25,25730,26180,25680,25730,1062200,KDH
2023-04-26,25770,25770,25090,25550,1221900,KDH
2023-04-27,25770,26270,25730,26180,1809100,KDH
2023-04-28,26270,26950,26140,26860,1306500,KDH
2023-05-04,27090,27910,27000,27590,2973500,KDH
2023-05-05,27450,27500,27180,27410,960100,KDH
2023-05-08,27450,27590,27140,27270,1531800,KDH
2023-05-09,27230,27230,26730,26770,700900,KDH
2023-05-10,26860,27230,26820,27050,1643200,KDH
2023-05-11,27090,27410,27090,27270,1375200,KDH
2023-05-12,27230,27640,27090,27550,1873400,KDH
2023-05-15,27640,27640,27000,27000,1377400,KDH
2023-05-16,27090,27140,26550,26680,1523800,KDH
2023-05-17,26770,26770,25860,25950,1744700,KDH
2023-05-18,25950,26820,25950,26820,2196600,KDH
2023-05-19,26640,26910,26410,26860,1056400,KDH
2023-05-22,26770,26860,26550,26860,1123700,KDH
2023-05-23,26910,26910,26450,26450,1613900,KDH
2023-05-24,26640,26640,26410,26590,1677200,KDH
2023-05-25,26550,26730,26320,26730,1800600,KDH
2023-05-26,26820,27410,26820,27090,3206700,KDH
2023-05-29,27270,27320,27140,27230,1419800,KDH
2023-05-30,27270,27770,27180,27360,2561500,KDH
2023-05-31,27360,27450,26950,27000,1441600,KDH
2023-06-01,27000,27090,26550,26730,1601000,KDH
2023-06-02,26820,26910,26550,26730,2183900,KDH
2023-06-05,26820,27230,26680,27140,2217400,KDH
2023-06-06,27140,27180,26950,27090,2119400,KDH
2023-06-07,27090,27770,27090,27680,4710300,KDH
2023-06-08,27730,28450,27640,27640,3587500,KDH
2023-06-09,27590,27820,27180,27680,2561600,KDH
2023-06-12,27730,27770,26860,27770,2875700,KDH
2023-06-13,27730,27910,27360,27860,2938800,KDH
2023-06-14,27860,28230,27820,28050,3646600,KDH
2023-06-15,27860,28000,27770,27860,2168000,KDH
2023-06-16,27910,28090,27640,27910,3320600,KDH
2023-06-19,27860,27910,27360,27640,1802200,KDH
2023-06-20,27450,27910,27450,27820,1736700,KDH
2023-06-21,27820,28050,27730,27820,2169700,KDH
2023-06-22,27860,29140,27820,28500,4820400,KDH
2023-06-23,28680,28860,28550,28770,2143900,KDH
2023-06-26,28640,28770,28180,28590,2872400,KDH
2023-06-27,28640,28820,28270,28640,1606400,KDH
2023-06-28,28680,28770,28360,28590,1502800,KDH
2023-06-29,28270,28590,27820,27950,1836500,KDH
2023-06-30,28000,28000,27410,28000,1399300,KDH
2023-07-03,27860,27910,27550,27640,812600,KDH
2023-07-04,27550,27680,27500,27640,1069700,KDH
2023-07-05,27640,28180,27590,27950,1709100,KDH
2023-07-06,27950,27950,27360,27450,1202900,KDH
2023-07-07,27450,27550,27000,27450,1525500,KDH
2023-07-10,27550,27860,27410,27550,2044900,KDH
2023-07-11,27640,27770,27550,27640,1824100,KDH
2023-07-12,27680,28000,27680,27770,1416600,KDH
2023-07-13,27910,28910,27820,28820,3155100,KDH
2023-07-14,29000,29000,28180,28640,1931500,KDH
2023-07-17,28820,29910,28820,29550,4448500,KDH
2023-07-18,29270,30090,29180,29590,2144500,KDH
2023-07-19,29770,29770,29140,29270,2405200,KDH
2023-07-20,29090,29410,28770,29180,1768500,KDH
2023-07-21,29140,29860,29140,29860,2161000,KDH
2023-07-24,29910,31230,29910,31140,3741400,KDH
2023-07-25,30050,31270,30050,31050,2059500,KDH
2023-07-26,30860,31820,30730,31820,3039100,KDH
2023-07-27,31770,32450,31640,32270,3221600,KDH
2023-07-28,32360,34500,32270,33410,3407400,KDH
2023-07-31,33410,34090,32590,34090,2846900,KDH
2023-08-01,34000,34000,32640,32640,1416300,KDH
2023-08-02,32640,33050,32140,32549,1788400,KDH
2023-08-03,32549,32680,32049,32049,2131100,KDH
2023-08-04,32320,32820,32090,32729,2650500,KDH
2023-08-07,32820,33550,32409,32729,2379300,KDH
2023-08-08,32549,32729,31950,32049,2256100,KDH
2023-08-09,32180,32320,32000,32270,1934800,KDH
2023-08-10,32270,32500,31730,31730,1876300,KDH
2023-08-11,31860,33360,31680,33140,3355400,KDH
2023-08-14,33050,33550,33050,33180,1738400,KDH
2023-08-15,33500,33500,32680,32729,1263500,KDH
2023-08-16,32729,32770,32140,32320,1511200,KDH
2023-08-17,32680,32680,31820,32270,2268100,KDH
2023-08-18,31820,32000,30050,30140,3578300,KDH
2023-08-21,29860,31320,29730,30860,1989100,KDH
2023-08-22,30910,31090,30180,30950,927300,KDH
2023-08-23,31270,31360,29820,30450,2000600,KDH
2023-08-24,30450,32090,30450,31360,1782700,KDH
2023-08-25,31360,31820,31230,31410,1291300,KDH
2023-08-28,31730,32270,31500,32270,1332400,KDH
2023-08-29,32360,32729,32049,32270,1589900,KDH
2023-08-30,32320,32729,32270,32590,1205600,KDH
2023-08-31,32820,33640,32820,33640,2198900,KDH
2023-09-05,33640,33640,32729,33000,2597200,KDH
2023-09-06,32950,33640,32640,33140,1032500,KDH
2023-09-07,33270,33680,33050,33140,2214400,KDH
2023-09-08,33180,33180,32820,32910,2145700,KDH
2023-09-11,33090,33180,31640,31640,1881100,KDH
2023-09-12,31640,32270,31590,32000,1891900,KDH
2023-09-13,32360,32910,32000,32090,1995300,KDH
2023-09-14,32090,32180,31270,31450,903200,KDH
2023-09-15,31730,32000,31450,31450,1172700,KDH
2023-09-18,31550,31680,31230,31360,892500,KDH
2023-09-19,31450,31550,30680,30910,941900,KDH
2023-09-20,31090,32270,30910,32270,1655900,KDH
2023-09-21,32270,32360,31550,31640,947900,KDH
2023-09-22,31180,31360,29820,30000,1827900,KDH
2023-09-25,30000,30410,28000,28640,1957800,KDH
2023-09-26,28640,29090,28270,28640,1304600,KDH
2023-09-27,28640,29450,28500,29450,994400,KDH
2023-09-28,29180,30000,28640,29770,1073900,KDH
2023-09-29,29770,30050,29680,29680,652400,KDH
2023-10-02,29730,29770,29320,29550,450400,KDH
2023-10-03,29650,30000,28500,28700,999700,KDH
2023-10-04,28200,29100,28200,29000,600500,KDH
2023-10-05,29000,29100,28200,28400,893600,KDH
2023-10-06,28350,29500,27200,29500,1901700,KDH
2023-10-09,29000,29500,28550,29500,1348100,KDH
2023-10-10,29700,29900,29000,29400,1246600,KDH
2023-10-11,29050,29350,28700,29200,1145000,KDH
2023-10-12,29450,30000,29200,29950,1543000,KDH
2023-10-13,30000,32000,29900,32000,3063300,KDH
2023-10-16,32000,32000,31400,31700,1182500,KDH
2023-10-17,31950,31950,29600,29600,2211900,KDH
2023-10-18,29800,29800,28000,29200,1236300,KDH
2023-10-19,29200,29300,28500,29150,1040600,KDH
2023-10-20,29000,30200,28500,30200,1213500,KDH
2023-10-23,30000,30450,29700,30150,1015500,KDH
2023-10-24,30150,30800,29800,30600,784500,KDH
2023-10-25,30600,30900,30200,30250,787800,KDH
2023-10-26,29500,29900,28550,29800,1342600,KDH
2023-10-27,30000,30000,29000,29600,1664400,KDH
2023-10-30,29400,29400,28600,28600,1027500,KDH
2023-10-31,28600,28800,28050,28600,1493100,KDH
2023-11-01,28600,28600,27200,28600,905400,KDH
2023-11-02,28900,30300,28400,30000,1435600,KDH
2023-11-03,30000,30000,29200,29200,1536200,KDH
2023-11-06,29800,29800,29350,29750,1281900,KDH
2023-11-07,29500,29750,29100,29300,822900,KDH
2023-11-08,29350,31150,29300,31050,1612500,KDH
2023-11-09,31200,32800,30800,31900,3804000,KDH
2023-11-10,31300,32299,31150,31350,2374600,KDH
2023-11-13,31400,32800,31300,31800,1806400,KDH
2023-11-14,31900,32200,31550,31950,1586200,KDH
2023-11-15,32500,32549,31750,31950,2107800,KDH
2023-11-16,31900,32000,31450,32000,955200,KDH
2023-11-17,32450,32450,31150,31500,2104700,KDH
2023-11-20,30800,31700,30700,31600,1054400,KDH
2023-11-21,31850,32250,31500,32000,1276700,KDH
2023-11-22,31950,32500,31850,32299,1493100,KDH
2023-11-23,32500,32750,31300,31300,1822400,KDH
2023-11-24,31450,31450,30200,31400,1445400,KDH
2023-11-27,31450,31850,30900,31300,673100,KDH
2023-11-28,31200,31350,30350,31300,1110100,KDH
2023-11-29,31350,31550,31100,31550,747800,KDH
2023-11-30,31600,31650,31200,31200,1869700,KDH
2023-12-01,31800,31800,31150,31550,794900,KDH
2023-12-04,31800,32900,31750,32600,4225100,KDH
2023-12-05,32750,32750,32000,32100,1910900,KDH
2023-12-06,32350,32350,31900,32049,3062500,KDH
2023-12-07,32299,32299,31200,31700,2028600,KDH
2023-12-08,31700,31850,31500,31750,1000300,KDH
2023-12-11,31750,31800,31150,31400,767300,KDH
2023-12-12,31450,31500,31150,31400,1279400,KDH
2023-12-13,31450,31550,31150,31200,1713000,KDH
2023-12-14,31300,31350,30050,30650,1547400,KDH
2023-12-15,30500,30650,30100,30350,1320500,KDH
2023-12-18,30350,30350,29700,30300,1631400,KDH
2023-12-19,30200,30250,29800,30100,1617100,KDH
2023-12-20,30100,30150,29800,29800,978600,KDH
2023-12-21,29800,30100,29450,30050,1699000,KDH
2023-12-22,30050,30200,29900,30050,947500,KDH
2023-12-25,30050,30450,30050,30300,883000,KDH
2023-12-26,30450,30700,30100,30700,2067900,KDH
2023-12-27,30650,30750,30500,30650,1367000,KDH
2023-12-28,30650,31000,30600,30650,1150700,KDH
2023-12-29,30700,31400,30650,31400,1677500,KDH
2024-01-02,31400,31450,30600,30850,1249000,KDH
2024-01-03,30850,30850,30550,30800,1181700,KDH
2024-01-04,30800,31100,30750,30950,1815400,KDH
2024-01-05,30950,31250,30900,31000,1671900,KDH
2024-01-08,31350,31450,31100,31200,2178100,KDH
2024-01-09,31300,31500,30750,30750,2769600,KDH
2024-01-10,30800,30800,30000,30050,2133500,KDH
2024-01-11,30100,30300,30050,30250,1526600,KDH
2024-01-12,30100,30100,29750,29900,2859900,KDH
2024-01-15,30050,30100,29850,29850,717600,KDH
2024-01-16,29700,29850,29200,29600,1951300,KDH
2024-01-17,29700,30300,29600,30150,1598700,KDH
2024-01-18,30200,31600,30200,31300,3498800,KDH
2024-01-19,31350,31600,31350,31400,2158900,KDH
2024-01-22,31400,31400,30800,31200,2108200,KDH
2024-01-23,31200,31250,30900,31050,1162400,KDH
2024-01-24,31050,31100,30900,30900,932600,KDH
2024-01-25,30900,31200,30700,31200,1483000,KDH
2024-01-26,31350,31350,31050,31150,1230100,KDH
2024-01-29,31250,31250,31000,31150,977800,KDH
2024-01-30,31050,31150,30800,31000,1065900,KDH
2024-01-31,31100,31200,30800,30900,1176700,KDH
2024-02-01,30700,30900,30400,30500,1776700,KDH
2024-02-02,30500,31450,30500,30500,2099600,KDH
2024-02-05,30650,31000,30500,30850,1037400,KDH
2024-02-06,30850,31200,30800,31100,919100,KDH
2024-02-07,31300,31300,31000,31200,1065600,KDH
2024-02-15,31300,31550,31200,31450,1539000,KDH
2024-02-16,31450,31750,31350,31400,1201300,KDH
2024-02-19,31400,31500,30950,31300,1586400,KDH
2024-02-20,31400,31800,31250,31700,2356500,KDH
2024-02-21,31800,33500,31700,32800,6967200,KDH
2024-02-22,32500,32800,32400,32400,1659200,KDH
2024-02-23,32600,32600,31650,31750,3853800,KDH
2024-02-26,31750,31900,31350,31750,2268300,KDH
2024-02-27,31950,32800,31700,32600,3756500,KDH
2024-02-28,32850,32850,32200,32400,1789100,KDH
2024-02-29,32549,34650,32350,34650,13925900,KDH
